<?xml version="1.0" encoding="UTF-8"?>
<project-private xmlns="http://www.netbeans.org/ns/project-private/1">
    <editor-bookmarks xmlns="http://www.netbeans.org/ns/editor-bookmarks/2" lastBookmarkId="0"/>
    <open-files xmlns="http://www.netbeans.org/ns/projectui-open-files/2">
        <group>
            <file>file:/C:/Users/rcmik/Documents/GitHub/ProgII/L4/CabezasRodrigoNunezJosep_L4/src/edu/ub/prog2/CabezasRodrigoNunezJosep/model/FitxerMultimedia.java</file>
            <file>file:/C:/Users/rcmik/Documents/GitHub/ProgII/L4/CabezasRodrigoNunezJosep_L4/src/edu/ub/prog2/CabezasRodrigoNunezJosep/vista/AplicacioUB4.java</file>
            <file>file:/C:/Users/rcmik/Documents/GitHub/ProgII/L4/CabezasRodrigoNunezJosep_L4/src/edu/ub/prog2/CabezasRodrigoNunezJosep/model/CarpetaFitxers.java</file>
            <file>file:/C:/Users/rcmik/Documents/GitHub/ProgII/L4/CabezasRodrigoNunezJosep_L4/src/edu/ub/prog2/CabezasRodrigoNunezJosep/controlador/Controlador.java</file>
            <file>file:/C:/Users/rcmik/Documents/GitHub/ProgII/L4/CabezasRodrigoNunezJosep_L4/src/edu/ub/prog2/CabezasRodrigoNunezJosep/vista/IniciadorAplicacioUB.java</file>
            <file>file:/C:/Users/rcmik/Documents/GitHub/ProgII/L4/CabezasRodrigoNunezJosep_L4/src/edu/ub/prog2/CabezasRodrigoNunezJosep/model/Dades.java</file>
        </group>
    </open-files>
</project-private>
