<?xml version="1.0" encoding="UTF-8"?>
<project-private xmlns="http://www.netbeans.org/ns/project-private/1">
    <editor-bookmarks xmlns="http://www.netbeans.org/ns/editor-bookmarks/2" lastBookmarkId="0"/>
    <open-files xmlns="http://www.netbeans.org/ns/projectui-open-files/2">
        <group>
            <file>file:/C:/Users/rcmik/Documents/Colegio/Programación/Semestre%202/Prácticas/P2/CabezasRodrigoNunezJosep_L2/src/edu/ub/prog2/CabezasRodrigoNunezJosep/model/Dades.java</file>
            <file>file:/C:/Users/rcmik/Documents/Colegio/Programación/Semestre%202/Prácticas/P2/CabezasRodrigoNunezJosep_L2/src/edu/ub/prog2/CabezasRodrigoNunezJosep/model/Video.java</file>
            <file>file:/C:/Users/rcmik/Documents/Colegio/Programación/Semestre%202/Prácticas/P2/CabezasRodrigoNunezJosep_L2/src/edu/ub/prog2/CabezasRodrigoNunezJosep/controlador/Controlador.java</file>
            <file>file:/C:/Users/rcmik/Documents/Colegio/Programación/Semestre%202/Prácticas/P2/CabezasRodrigoNunezJosep_L2/src/edu/ub/prog2/CabezasRodrigoNunezJosep/model/Audio.java</file>
            <file>file:/C:/Users/rcmik/Documents/Colegio/Programación/Semestre%202/Prácticas/P2/CabezasRodrigoNunezJosep_L2/src/edu/ub/prog2/CabezasRodrigoNunezJosep/model/BibliotecaFitxersMultimedia.java</file>
            <file>file:/C:/Users/rcmik/Documents/Colegio/Programación/Semestre%202/Prácticas/P2/CabezasRodrigoNunezJosep_L2/src/edu/ub/prog2/CabezasRodrigoNunezJosep/model/CarpetaFitxers.java</file>
            <file>file:/C:/Users/rcmik/Documents/Colegio/Programación/Semestre%202/Prácticas/P2/CabezasRodrigoNunezJosep_L2/src/edu/ub/prog2/CabezasRodrigoNunezJosep/model/FitxerReproduible.java</file>
            <file>file:/C:/Users/rcmik/Documents/Colegio/Programación/Semestre%202/Prácticas/P2/CabezasRodrigoNunezJosep_L2/src/edu/ub/prog2/CabezasRodrigoNunezJosep/vista/AplicacioUB2.java</file>
        </group>
    </open-files>
</project-private>
